<?xml version="1.0" encoding="utf-8" ?>
<TabView xmlns="http://schemas.nativescript.org/tns.xsd">
  <TabViewItem title="Scan" iconSource="font://&#xf030;" class="fas">
    <Frame defaultPage="views/scan/scan-page" />
  </TabViewItem>
  
  <TabViewItem title="Diary" iconSource="font://&#xf02d;" class="fas">
    <Frame defaultPage="views/diary/diary-page" />
  </TabViewItem>
  
  <TabViewItem title="Profile" iconSource="font://&#xf007;" class="fas">
    <Frame defaultPage="views/profile/profile-page" />
  </TabViewItem>
</TabView>